Metric,Value
Accuracy (%),77.20970649650467
Precision (%),77.67059706910577
Recall (%),77.20970649650467
F1-Score (%),76.04740740656939
Specificity (%),77.20970649650467
Runtime (s),87.64885210990906
