Metric,Value
Accuracy (%),75.7402435702891
Precision (%),76.16810332910872
Recall (%),75.7402435702891
F1-Score (%),74.50448131031612
Specificity (%),75.7402435702891
Runtime (s),78.58612632751465
