Metric,Value
Accuracy (%),58.34273633970144
Precision (%),52.69222413443121
Recall (%),58.34273633970144
F1-Score (%),53.26210148305521
Specificity (%),58.34273633970144
Runtime (s),50.3642098903656
