Metric,Value
Accuracy (%),78.21615241949081
Precision (%),77.75304022880947
Recall (%),78.21615241949081
F1-Score (%),77.27524392952368
Specificity (%),78.21615241949081
Runtime (s),53.96883416175842
