Metric,Value
Accuracy (%),78.04106195608472
Precision (%),77.7585689870041
Recall (%),78.04106195608472
F1-Score (%),77.06943067739505
Specificity (%),78.04106195608472
Runtime (s),50.1578004360199
