Metric,Value
Accuracy (%),78.3860550173145
Precision (%),77.87314873702579
Recall (%),78.3860550173145
F1-Score (%),77.48823420198153
Specificity (%),78.3860550173145
Runtime (s),63.92075157165527
