Metric,Value
Accuracy (%),78.43663670674292
Precision (%),77.9713385495188
Recall (%),78.43663670674292
F1-Score (%),77.50731315989195
Specificity (%),78.43663670674292
Runtime (s),63.75220227241516
