Metric,Value
Accuracy (%),78.78162976797272
Precision (%),78.42307615358105
Recall (%),78.78162976797272
F1-Score (%),77.85243832660439
Specificity (%),78.78162976797272
Runtime (s),67.00237083435059
